-- ==============================================================================
-- 1. CARGA DE DADOS: ESTUDANTES (tb_student)
-- ==============================================================================
INSERT INTO tb_student 
(studentId, created_at, created_by, updated_at, updated_by, admissionDate, birthDate, cpf, email, name, registration) 
VALUES 
('f8740ebb-0bcc-11f1-a5cb-002308b492c4', NOW(), 'system', NOW(), 'system', '2021-02-01', '2003-05-10', '111.222.333-01', 'artur.siqueira@edu.ufes.br', 'Artur Matos Siqueira', '2021200505'),
('f8741338-0bcc-11f1-a5cb-002308b492c4', NOW(), 'system', NOW(), 'system', '2022-02-01', '2004-08-22', '111.222.333-02', 'bernardo.rodrigues@edu.ufes.br', 'Bernardo Krause Rodrigues', '2022200534'),
('f874147a-0bcc-11f1-a5cb-002308b492c4', NOW(), 'system', NOW(), 'system', '2022-02-01', '2004-01-15', '111.222.333-03', 'caio.silva@edu.ufes.br', 'Caio Freire Silva', '2022200432'),
('f8741546-0bcc-11f1-a5cb-002308b492c4', NOW(), 'system', NOW(), 'system', '2021-02-01', '2003-11-30', '111.222.333-04', 'catterina.salvador@edu.ufes.br', 'Catterina Vittorazzi Salvador', '2021201420'),
('f874163d-0bcc-11f1-a5cb-002308b492c4', NOW(), 'system', NOW(), 'system', '2022-02-01', '2004-03-12', '111.222.333-05', 'flavio.moreira@edu.ufes.br', 'Flavio Barreto Monteiro Moreira', '2022200708'),
('f8741795-0bcc-11f1-a5cb-002308b492c4', NOW(), 'system', NOW(), 'system', '2020-02-01', '2002-07-07', '111.222.333-06', 'hudrson.silva@edu.ufes.br', 'Hudrson De Oliveira Silva', '2020205280'),
('f874184f-0bcc-11f1-a5cb-002308b492c4', NOW(), 'system', NOW(), 'system', '2020-02-01', '2002-09-18', '111.222.333-07', 'isaack.arcanjo@edu.ufes.br', 'Isaack Anthony Cordeiro Arcanjo', '2020204017'),
('f874190b-0bcc-11f1-a5cb-002308b492c4', NOW(), 'system', NOW(), 'system', '2021-02-01', '2003-04-25', '111.222.333-08', 'joao.santos@edu.ufes.br', 'Joao Victor Mascarenhas De Faria Santos', '2021200497'),
('f87419de-0bcc-11f1-a5cb-002308b492c4', NOW(), 'system', NOW(), 'system', '2021-02-01', '2003-12-01', '111.222.333-09', 'kaio.nunes@edu.ufes.br', 'Kaio Stefan Campos Nunes', '2021201330'),
('f8741a95-0bcc-11f1-a5cb-002308b492c4', NOW(), 'system', NOW(), 'system', '2022-02-01', '2004-06-14', '111.222.333-10', 'kaua.silva@edu.ufes.br', 'Kaua De Souza Da Silva', '2022200418'),
('f8741b4a-0bcc-11f1-a5cb-002308b492c4', NOW(), 'system', NOW(), 'system', '2021-02-01', '2003-02-28', '111.222.333-11', 'kevin.florindo@edu.ufes.br', 'Kevin Depolli Costa Florindo', '2021200884'),
('f8741c13-0bcc-11f1-a5cb-002308b492c4', NOW(), 'system', NOW(), 'system', '2020-02-01', '2002-10-10', '111.222.333-12', 'lukian.borges@edu.ufes.br', 'Lukian Alintes Freitas Borges', '2020204075'),
('f8741ccd-0bcc-11f1-a5cb-002308b492c4', NOW(), 'system', NOW(), 'system', '2022-02-01', '2004-05-05', '111.222.333-13', 'maik.maifredo@edu.ufes.br', 'Maik Ramos Maifredo', '2022200556'),
('f8741d7d-0bcc-11f1-a5cb-002308b492c4', NOW(), 'system', NOW(), 'system', '2022-02-01', '2004-09-09', '111.222.333-14', 'mariana.oliveira@edu.ufes.br', 'Mariana Cunha De Oliveira', '2022200854'),
('f8741e3a-0bcc-11f1-a5cb-002308b492c4', NOW(), 'system', NOW(), 'system', '2021-02-01', '2003-03-20', '111.222.333-15', 'pedro.rocha@edu.ufes.br', 'Pedro Henrique Passos Rocha', '2021200617'),
('f8741f21-0bcc-11f1-a5cb-002308b492c4', NOW(), 'system', NOW(), 'system', '2019-02-01', '2001-01-30', '111.222.333-16', 'pedro.gomes@edu.ufes.br', 'Pedro Lucas Gomes De Oliveira', '2019201886'),
('f8741fee-0bcc-11f1-a5cb-002308b492c4', NOW(), 'system', NOW(), 'system', '2020-02-01', '2002-11-11', '111.222.333-17', 'rafael.nunes@edu.ufes.br', 'Rafael Cruz Merscher Nunes', '2020204249'),
('f87420a3-0bcc-11f1-a5cb-002308b492c4', NOW(), 'system', NOW(), 'system', '2021-02-01', '2003-08-08', '111.222.333-18', 'ruan.ribeiro@edu.ufes.br', 'Ruan Vieira Ribeiro', '2021201419'),
('f8742156-0bcc-11f1-a5cb-002308b492c4', NOW(), 'system', NOW(), 'system', '2023-02-01', '2005-04-04', '111.222.333-19', 'ruaney.mainarth@edu.ufes.br', 'Ruaney Ramos Mainarth', '2023201392'),
('f8742211-0bcc-11f1-a5cb-002308b492c4', NOW(), 'system', NOW(), 'system', '2019-02-01', '2001-12-25', '111.222.333-20', 'vinicius.vieira@edu.ufes.br', 'Vinicius De Mello Vieira', '2019200674');
-- ==============================================================================
-- 2. CARGA DE DADOS: DISCIPLINAS (tb_discipline)
-- ==============================================================================
INSERT INTO tb_discipline 
(disciplineId, created_at, created_by, updated_at, updated_by, ch, cod, course, menu, name) 
VALUES 
('3139c3eb-0bca-11f1-a5cb-002308b492c4', NOW(), 'system', NOW(), 'system', '60', 'COM06842', 'Sistemas de Informação', 'Introdução à lógica de programação e algoritmos estruturados.', 'Programação I'),
('3139c9b6-0bca-11f1-a5cb-002308b492c4', NOW(), 'system', NOW(), 'system', '60', 'COM06847', 'Sistemas de Informação', 'Conceitos básicos de hardware, software e redes.', 'Introdução à Informática'),
('3139cada-0bca-11f1-a5cb-002308b492c4', NOW(), 'system', NOW(), 'system', '30', 'COM06852', 'Sistemas de Informação', 'Fundamentos e papel dos SI nas organizações.', 'Introdução aos Sistemas de Informação'),
('3139cbb6-0bca-11f1-a5cb-002308b492c4', NOW(), 'system', NOW(), 'system', '60', 'COM06853', 'Sistemas de Informação', 'Lógica proposicional e de predicados aplicada.', 'Lógica Computacional'),
('3139cc55-0bca-11f1-a5cb-002308b492c4', NOW(), 'system', NOW(), 'system', '30', 'ENG06854', 'Sistemas de Informação', 'Leitura, interpretação e produção de textos técnicos.', 'Português Instrumental'),
('3139cce9-0bca-11f1-a5cb-002308b492c4', NOW(), 'system', NOW(), 'system', '60', 'MPA06840', 'Sistemas de Informação', 'Estudo de vetores, retas, planos e cônicas.', 'Vetores e Geometria Analítica'),
('3139ce08-0bca-11f1-a5cb-002308b492c4', NOW(), 'system', NOW(), 'system', '60', 'COM06851', 'Sistemas de Informação', 'Teoria dos conjuntos, relações e análise combinatória.', 'Matemática Discreta'),
('3139cea4-0bca-11f1-a5cb-002308b492c4', NOW(), 'system', NOW(), 'system', '60', 'COM06984', 'Sistemas de Informação', 'Tecnologias web, HTML, CSS e JavaScript.', 'Fundamentos de Programação Web'),
('3139cf46-0bca-11f1-a5cb-002308b492c4', NOW(), 'system', NOW(), 'system', '60', 'COM06985', 'Sistemas de Informação', 'Abordagem sistêmica e teoria da informação.', 'Teoria Geral dos Sistemas'),
('3139cfdd-0bca-11f1-a5cb-002308b492c4', NOW(), 'system', NOW(), 'system', '30', 'ENG06849', 'Sistemas de Informação', 'Inglês técnico voltado para TI.', 'Inglês Instrumental'),
('3139d070-0bca-11f1-a5cb-002308b492c4', NOW(), 'system', NOW(), 'system', '90', 'MPA06839', 'Sistemas de Informação', 'Limites, derivadas e integrais de uma variável.', 'Cálculo A'),
('3139d10e-0bca-11f1-a5cb-002308b492c4', NOW(), 'system', NOW(), 'system', '60', 'COM06992', 'Sistemas de Informação', 'Listas, pilhas, filas e métodos de ordenação.', 'Estruturas de Dados I'),
('3139d1ac-0bca-11f1-a5cb-002308b492c4', NOW(), 'system', NOW(), 'system', '60', 'COM10014', 'Sistemas de Informação', 'Máquinas de Turing e classes de complexidade.', 'Computabilidade e Complexidade'),
('3139d258-0bca-11f1-a5cb-002308b492c4', NOW(), 'system', NOW(), 'system', '60', 'COM10015', 'Sistemas de Informação', 'Processos de software e metodologias de desenvolvimento.', 'Engenharia de Software'),
('3139d2ef-0bca-11f1-a5cb-002308b492c4', NOW(), 'system', NOW(), 'system', '60', 'COM10016', 'Sistemas de Informação', 'Data warehousing, mining e apoio à decisão.', 'Sistemas de Apoio à Decisão'),
('3139d39a-0bca-11f1-a5cb-002308b492c4', NOW(), 'system', NOW(), 'system', '60', 'MPA06855', 'Sistemas de Informação', 'Matrizes, sistemas lineares e espaços vetoriais.', 'Álgebra Linear'),
('3139d437-0bca-11f1-a5cb-002308b492c4', NOW(), 'system', NOW(), 'system', '60', 'COM10076', 'Sistemas de Informação', 'Organização de computadores e linguagem de montagem.', 'Arquitetura de Computadores'),
('3139d4d3-0bca-11f1-a5cb-002308b492c4', NOW(), 'system', NOW(), 'system', '60', 'COM10078', 'Sistemas de Informação', 'Árvores, grafos e tabelas hash.', 'Estrutura de Dados II'),
('3139d566-0bca-11f1-a5cb-002308b492c4', NOW(), 'system', NOW(), 'system', '60', 'COM10082', 'Sistemas de Informação', 'Programação Orientada a Objetos avançada.', 'Programação II'),
('3139d616-0bca-11f1-a5cb-002308b492c4', NOW(), 'system', NOW(), 'system', '60', 'COM10275', 'Sistemas de Informação', 'Técnicas de elicitação e gestão de requisitos.', 'Engenharia de Requisitos de Software'),
('3139d6b8-0bca-11f1-a5cb-002308b492c4', NOW(), 'system', NOW(), 'system', '60', 'ENG05510', 'Sistemas de Informação', 'Probabilidade e estatística descritiva.', 'Estatística Básica'),
('3139d752-0bca-11f1-a5cb-002308b492c4', NOW(), 'system', NOW(), 'system', '60', 'COM10129', 'Sistemas de Informação', 'Modelagem de dados e linguagem SQL.', 'Banco de Dados'),
('3139d7e5-0bca-11f1-a5cb-002308b492c4', NOW(), 'system', NOW(), 'system', '60', 'COM10131', 'Sistemas de Informação', 'Programação linear e método Simplex.', 'Otimização Linear'),
('3139d87b-0bca-11f1-a5cb-002308b492c4', NOW(), 'system', NOW(), 'system', '60', 'COM10132', 'Sistemas de Informação', 'Gerência de processador, memória e arquivos.', 'Sistemas Operacionais'),
('3139d912-0bca-11f1-a5cb-002308b492c4', NOW(), 'system', NOW(), 'system', '60', 'COM10507', 'Sistemas de Informação', 'Usabilidade e design de interação.', 'Interface Humano-Computador'),
('3139d9c5-0bca-11f1-a5cb-002308b492c4', NOW(), 'system', NOW(), 'system', '60', 'COM10508', 'Sistemas de Informação', 'Desenvolvimento prático de um sistema completo.', 'Projeto de Sistemas de Software'),
('3139da5e-0bca-11f1-a5cb-002308b492c4', NOW(), 'system', NOW(), 'system', '30', 'COM10081', 'Sistemas de Informação', 'Métodos científicos e normas ABNT.', 'Metodologia de Pesquisa em Informática'),
('3139daf4-0bca-11f1-a5cb-002308b492c4', NOW(), 'system', NOW(), 'system', '60', 'COM10393', 'Sistemas de Informação', 'Pesquisa operacional e modelagem matemática.', 'Métodos de Otimização'),
('3139db8b-0bca-11f1-a5cb-002308b492c4', NOW(), 'system', NOW(), 'system', '60', 'COM10394', 'Sistemas de Informação', 'Camadas de rede, TCP/IP e roteamento.', 'Redes de Computadores'),
('3139dc32-0bca-11f1-a5cb-002308b492c4', NOW(), 'system', NOW(), 'system', '30', 'COM10603', 'Sistemas de Informação', 'Direito digital e ética profissional.', 'Direito e Legislação'),
('3139dcce-0bca-11f1-a5cb-002308b492c4', NOW(), 'system', NOW(), 'system', '60', 'COM10733', 'Sistemas de Informação', 'Gestão de projetos com PMBOK e Agile.', 'Gerência de Projeto de Software'),
('3139dd64-0bca-11f1-a5cb-002308b492c4', NOW(), 'system', NOW(), 'system', '60', 'COM11014', 'Sistemas de Informação', 'Transações, concorrência e recuperação.', 'Gerenciamento de Banco de Dados'),
('3139ddff-0bca-11f1-a5cb-002308b492c4', NOW(), 'system', NOW(), 'system', '60', 'CFM10426', 'Sistemas de Informação', 'Fundamentos de administração e economia.', 'Administração e Economia'),
('3139de8c-0bca-11f1-a5cb-002308b492c4', NOW(), 'system', NOW(), 'system', '30', 'COM06996', 'Sistemas de Informação', 'Impactos da informática na sociedade.', 'Informática e Sociedade'),
('3139df23-0bca-11f1-a5cb-002308b492c4', NOW(), 'system', NOW(), 'system', '60', 'COM10606', 'Sistemas de Informação', 'Modelos de e-commerce e segurança.', 'Comércio Eletrônico'),
('3139dfbc-0bca-11f1-a5cb-002308b492c4', NOW(), 'system', NOW(), 'system', '60', 'COM10616', 'Sistemas de Informação', 'Middleware e sistemas distribuídos.', 'Sistemas Distribuídos'),
('3139e052-0bca-11f1-a5cb-002308b492c4', NOW(), 'system', NOW(), 'system', '60', 'COM11007', 'Sistemas de Informação', 'Segurança da informação e auditoria de sistemas.', 'Segurança e Auditoria de Sistemas'),
('3139e0e7-0bca-11f1-a5cb-002308b492c4', NOW(), 'system', NOW(), 'system', '30', 'CFM11061', 'Sistemas de Informação', 'Criação de startups e planos de negócios.', 'Empreendedorismo'),
('3139e199-0bca-11f1-a5cb-002308b492c4', NOW(), 'system', NOW(), 'system', '60', 'COM10396', 'Sistemas de Informação', 'Frameworks e arquitetura para web avançada.', 'Desenvolvimento de Sistemas para WEB'),
('3139e25b-0bca-11f1-a5cb-002308b492c4', NOW(), 'system', NOW(), 'system', '60', 'COM10609', 'Sistemas de Informação', 'Configuração e gerência de serviços de rede.', 'Gerenciamento e Administração de Redes'),
('3139e2fd-0bca-11f1-a5cb-002308b492c4', NOW(), 'system', NOW(), 'system', '60', 'COM11064', 'Sistemas de Informação', 'Métricas e garantia de qualidade de software.', 'Gestão de Qualidade de Software'),
('3139e394-0bca-11f1-a5cb-002308b492c4', NOW(), 'system', NOW(), 'system', '30', 'COM11259', 'Sistemas de Informação', 'Filosofia e desenvolvimento Open Source.', 'Sistemas de Software Livre'),
('3139e42b-0bca-11f1-a5cb-002308b492c4', NOW(), 'system', NOW(), 'system', '60', 'COM06850', 'Ciência da Computação', 'Visão geral da computação e algoritmos.', 'Introdução à Ciência da Computação'),
('3139e4c5-0bca-11f1-a5cb-002308b492c4', NOW(), 'system', NOW(), 'system', '60', 'COM06999', 'Ciência da Computação', 'Álgebra booleana e circuitos digitais.', 'Circuitos Digitais'),
('3139e588-0bca-11f1-a5cb-002308b492c4', NOW(), 'system', NOW(), 'system', '60', 'MPA06979', 'Ciência da Computação', 'Integrais e cálculo de várias variáveis.', 'Cálculo B'),
('3139e625-0bca-11f1-a5cb-002308b492c4', NOW(), 'system', NOW(), 'system', '60', 'COM10080', 'Ciência da Computação', 'Lógica de primeira ordem e prova de teoremas.', 'Lógica Computacional II'),
('3139e6d1-0bca-11f1-a5cb-002308b492c4', NOW(), 'system', NOW(), 'system', '60', 'DQF10079', 'Ciência da Computação', 'Eletromagnetismo e ótica.', 'Fundamentos de Física III'),
('3139e76d-0bca-11f1-a5cb-002308b492c4', NOW(), 'system', NOW(), 'system', '60', 'MPA10077', 'Ciência da Computação', 'Equações diferenciais e séries.', 'Cálculo C'),
('3139e803-0bca-11f1-a5cb-002308b492c4', NOW(), 'system', NOW(), 'system', '60', 'COM10128', 'Ciência da Computação', 'Métodos numéricos para raízes e integrais.', 'Algoritmos Numéricos'),
('3139e898-0bca-11f1-a5cb-002308b492c4', NOW(), 'system', NOW(), 'system', '60', 'COM10130', 'Ciência da Computação', 'Autômatos, gramáticas e linguagens formais.', 'Linguagens Formais e Autômatos'),
('3139e9a7-0bca-11f1-a5cb-002308b492c4', NOW(), 'system', NOW(), 'system', '60', 'COM10133', 'Ciência da Computação', 'Grafos, caminhos e conectividade.', 'Teoria dos Grafos'),
('3139ea58-0bca-11f1-a5cb-002308b492c4', NOW(), 'system', NOW(), 'system', '60', 'COM10392', 'Ciência da Computação', 'Paradigmas de programação e compiladores.', 'Linguagens de Programação'),
('3139eaf0-0bca-11f1-a5cb-002308b492c4', NOW(), 'system', NOW(), 'system', '60', 'COM10395', 'Ciência da Computação', 'Decidibilidade e completude NP.', 'Teoria da Computação'),
('3139eb80-0bca-11f1-a5cb-002308b492c4', NOW(), 'system', NOW(), 'system', '60', 'COM10602', 'Ciência da Computação', 'Complexidade de algoritmos e otimização.', 'Análise e Projeto de Algorítmos'),
('3139ec17-0bca-11f1-a5cb-002308b492c4', NOW(), 'system', NOW(), 'system', '60', 'COM10604', 'Ciência da Computação', 'Processamento de imagens e renderização 3D.', 'Computação Gráfica'),
('3139ecab-0bca-11f1-a5cb-002308b492c4', NOW(), 'system', NOW(), 'system', '60', 'COM10791', 'Ciência da Computação', 'Análise léxica, sintática e geração de código.', 'Compiladores'),
('3139ed46-0bca-11f1-a5cb-002308b492c4', NOW(), 'system', NOW(), 'system', '60', 'COM10792', 'Ciência da Computação', 'Redes neurais e aprendizado de máquina.', 'Inteligência Artificial');
-- ==============================================================================
-- 3. CARGA DE DADOS: HISTÓRICO ESCOLAR (tb_academic_record)
-- ==============================================================================
INSERT INTO tb_academic_record 
(academicRecordId, created_at, created_by, updated_at, updated_by, attendance, finalGrade, obs, semester, status, disciplineId, studentId) 
VALUES 
(RANDOM_UUID(), NOW(), 'system', NOW(), 'system', 100, 8.5, NULL, '2021/1', 'Aprovado', '3139c3eb-0bca-11f1-a5cb-002308b492c4', 'f8740ebb-0bcc-11f1-a5cb-002308b492c4'), 
(RANDOM_UUID(), NOW(), 'system', NOW(), 'system', 90, 7.2, NULL, '2021/1', 'Aprovado', '3139c9b6-0bca-11f1-a5cb-002308b492c4', 'f8740ebb-0bcc-11f1-a5cb-002308b492c4'), 
(RANDOM_UUID(), NOW(), 'system', NOW(), 'system', 85, 9.0, NULL, '2021/1', 'Aprovado', '3139cada-0bca-11f1-a5cb-002308b492c4', 'f8740ebb-0bcc-11f1-a5cb-002308b492c4'), 
(RANDOM_UUID(), NOW(), 'system', NOW(), 'system', 100, 5.5, 'Recuperação', '2021/1', 'Reprovado', '3139cbb6-0bca-11f1-a5cb-002308b492c4', 'f8740ebb-0bcc-11f1-a5cb-002308b492c4'), 
(RANDOM_UUID(), NOW(), 'system', NOW(), 'system', 95, 8.8, NULL, '2021/2', 'Aprovado', '3139cc55-0bca-11f1-a5cb-002308b492c4', 'f8740ebb-0bcc-11f1-a5cb-002308b492c4'), 
(RANDOM_UUID(), NOW(), 'system', NOW(), 'system', 80, 7.5, NULL, '2021/2', 'Aprovado', '3139cce9-0bca-11f1-a5cb-002308b492c4', 'f8740ebb-0bcc-11f1-a5cb-002308b492c4'), 
(RANDOM_UUID(), NOW(), 'system', NOW(), 'system', 100, 9.5, NULL, '2022/1', 'Aprovado', '3139ce08-0bca-11f1-a5cb-002308b492c4', 'f8740ebb-0bcc-11f1-a5cb-002308b492c4'), 
(RANDOM_UUID(), NOW(), 'system', NOW(), 'system', 90, 8.0, NULL, '2022/1', 'Aprovado', '3139cea4-0bca-11f1-a5cb-002308b492c4', 'f8740ebb-0bcc-11f1-a5cb-002308b492c4'), 
(RANDOM_UUID(), NOW(), 'system', NOW(), 'system', 75, 7.0, NULL, '2022/2', 'Aprovado', '3139cf46-0bca-11f1-a5cb-002308b492c4', 'f8740ebb-0bcc-11f1-a5cb-002308b492c4'), 
(RANDOM_UUID(), NOW(), 'system', NOW(), 'system', 100, 10.0, NULL, '2022/2', 'Aprovado', '3139cfdd-0bca-11f1-a5cb-002308b492c4', 'f8740ebb-0bcc-11f1-a5cb-002308b492c4'), 
(RANDOM_UUID(), NOW(), 'system', NOW(), 'system', 100, 9.2, NULL, '2022/1', 'Aprovado', '3139c3eb-0bca-11f1-a5cb-002308b492c4', 'f8741338-0bcc-11f1-a5cb-002308b492c4'),
(RANDOM_UUID(), NOW(), 'system', NOW(), 'system', 88, 7.5, NULL, '2022/1', 'Aprovado', '3139c9b6-0bca-11f1-a5cb-002308b492c4', 'f8741338-0bcc-11f1-a5cb-002308b492c4'),
(RANDOM_UUID(), NOW(), 'system', NOW(), 'system', 92, 8.1, NULL, '2022/1', 'Aprovado', '3139cada-0bca-11f1-a5cb-002308b492c4', 'f8741338-0bcc-11f1-a5cb-002308b492c4'),
(RANDOM_UUID(), NOW(), 'system', NOW(), 'system', 100, 6.5, 'Exame final', '2022/1', 'Reprovado', '3139d070-0bca-11f1-a5cb-002308b492c4', 'f8741338-0bcc-11f1-a5cb-002308b492c4'), 
(RANDOM_UUID(), NOW(), 'system', NOW(), 'system', 95, 9.0, NULL, '2022/2', 'Aprovado', '3139cc55-0bca-11f1-a5cb-002308b492c4', 'f8741338-0bcc-11f1-a5cb-002308b492c4'),
(RANDOM_UUID(), NOW(), 'system', NOW(), 'system', 80, 7.8, NULL, '2022/2', 'Aprovado', '3139cce9-0bca-11f1-a5cb-002308b492c4', 'f8741338-0bcc-11f1-a5cb-002308b492c4'),
(RANDOM_UUID(), NOW(), 'system', NOW(), 'system', 100, 8.4, NULL, '2023/1', 'Aprovado', '3139ce08-0bca-11f1-a5cb-002308b492c4', 'f8741338-0bcc-11f1-a5cb-002308b492c4'),
(RANDOM_UUID(), NOW(), 'system', NOW(), 'system', 90, 8.5, NULL, '2023/1', 'Aprovado', '3139cea4-0bca-11f1-a5cb-002308b492c4', 'f8741338-0bcc-11f1-a5cb-002308b492c4'),
(RANDOM_UUID(), NOW(), 'system', NOW(), 'system', 85, 7.2, NULL, '2023/2', 'Aprovado', '3139cf46-0bca-11f1-a5cb-002308b492c4', 'f8741338-0bcc-11f1-a5cb-002308b492c4'),
(RANDOM_UUID(), NOW(), 'system', NOW(), 'system', 100, 9.8, NULL, '2023/2', 'Aprovado', '3139cfdd-0bca-11f1-a5cb-002308b492c4', 'f8741338-0bcc-11f1-a5cb-002308b492c4'),
(RANDOM_UUID(), NOW(), 'system', NOW(), 'system', 96, 8.0, NULL, '2022/1', 'Aprovado', '3139c3eb-0bca-11f1-a5cb-002308b492c4', 'f874147a-0bcc-11f1-a5cb-002308b492c4'),
(RANDOM_UUID(), NOW(), 'system', NOW(), 'system', 100, 9.5, NULL, '2022/1', 'Aprovado', '3139c9b6-0bca-11f1-a5cb-002308b492c4', 'f874147a-0bcc-11f1-a5cb-002308b492c4'),
(RANDOM_UUID(), NOW(), 'system', NOW(), 'system', 90, 7.0, NULL, '2022/1', 'Aprovado', '3139cada-0bca-11f1-a5cb-002308b492c4', 'f874147a-0bcc-11f1-a5cb-002308b492c4'),
(RANDOM_UUID(), NOW(), 'system', NOW(), 'system', 85, 5.5, 'Reprovado', '2022/1', 'Reprovado', '3139cbb6-0bca-11f1-a5cb-002308b492c4', 'f874147a-0bcc-11f1-a5cb-002308b492c4'),
(RANDOM_UUID(), NOW(), 'system', NOW(), 'system', 100, 10.0, NULL, '2022/2', 'Aprovado', '3139cc55-0bca-11f1-a5cb-002308b492c4', 'f874147a-0bcc-11f1-a5cb-002308b492c4'),
(RANDOM_UUID(), NOW(), 'system', NOW(), 'system', 78, 7.3, NULL, '2022/2', 'Aprovado', '3139cce9-0bca-11f1-a5cb-002308b492c4', 'f874147a-0bcc-11f1-a5cb-002308b492c4'),
(RANDOM_UUID(), NOW(), 'system', NOW(), 'system', 88, 8.2, NULL, '2023/1', 'Aprovado', '3139ce08-0bca-11f1-a5cb-002308b492c4', 'f874147a-0bcc-11f1-a5cb-002308b492c4'),
(RANDOM_UUID(), NOW(), 'system', NOW(), 'system', 92, 9.1, NULL, '2023/1', 'Aprovado', '3139cea4-0bca-11f1-a5cb-002308b492c4', 'f874147a-0bcc-11f1-a5cb-002308b492c4'),
(RANDOM_UUID(), NOW(), 'system', NOW(), 'system', 84, 7.9, NULL, '2023/2', 'Aprovado', '3139cf46-0bca-11f1-a5cb-002308b492c4', 'f874147a-0bcc-11f1-a5cb-002308b492c4'),
(RANDOM_UUID(), NOW(), 'system', NOW(), 'system', 100, 8.8, NULL, '2023/2', 'Aprovado', '3139cfdd-0bca-11f1-a5cb-002308b492c4', 'f874147a-0bcc-11f1-a5cb-002308b492c4'),
(RANDOM_UUID(), NOW(), 'system', NOW(), 'system', 100, 9.5, NULL, '2021/1', 'Aprovado', '3139c3eb-0bca-11f1-a5cb-002308b492c4', 'f8741546-0bcc-11f1-a5cb-002308b492c4'),
(RANDOM_UUID(), NOW(), 'system', NOW(), 'system', 100, 8.8, NULL, '2021/1', 'Aprovado', '3139d070-0bca-11f1-a5cb-002308b492c4', 'f8741546-0bcc-11f1-a5cb-002308b492c4'), 
(RANDOM_UUID(), NOW(), 'system', NOW(), 'system', 90, 7.5, NULL, '2021/1', 'Aprovado', '3139cce9-0bca-11f1-a5cb-002308b492c4', 'f8741546-0bcc-11f1-a5cb-002308b492c4'),
(RANDOM_UUID(), NOW(), 'system', NOW(), 'system', 95, 9.0, NULL, '2021/2', 'Aprovado', '3139d10e-0bca-11f1-a5cb-002308b492c4', 'f8741546-0bcc-11f1-a5cb-002308b492c4'), 
(RANDOM_UUID(), NOW(), 'system', NOW(), 'system', 100, 8.5, NULL, '2021/2', 'Aprovado', '3139d39a-0bca-11f1-a5cb-002308b492c4', 'f8741546-0bcc-11f1-a5cb-002308b492c4'), 
(RANDOM_UUID(), NOW(), 'system', NOW(), 'system', 85, 7.8, NULL, '2022/1', 'Aprovado', '3139d437-0bca-11f1-a5cb-002308b492c4', 'f8741546-0bcc-11f1-a5cb-002308b492c4'), 
(RANDOM_UUID(), NOW(), 'system', NOW(), 'system', 90, 8.2, NULL, '2022/1', 'Aprovado', '3139d4d3-0bca-11f1-a5cb-002308b492c4', 'f8741546-0bcc-11f1-a5cb-002308b492c4'), 
(RANDOM_UUID(), NOW(), 'system', NOW(), 'system', 100, 9.7, NULL, '2022/2', 'Aprovado', '3139d566-0bca-11f1-a5cb-002308b492c4', 'f8741546-0bcc-11f1-a5cb-002308b492c4'), 
(RANDOM_UUID(), NOW(), 'system', NOW(), 'system', 88, 7.5, NULL, '2022/2', 'Aprovado', '3139d6b8-0bca-11f1-a5cb-002308b492c4', 'f8741546-0bcc-11f1-a5cb-002308b492c4'), 
(RANDOM_UUID(), NOW(), 'system', NOW(), 'system', 92, 8.9, NULL, '2023/1', 'Aprovado', '3139d752-0bca-11f1-a5cb-002308b492c4', 'f8741546-0bcc-11f1-a5cb-002308b492c4'), 
(RANDOM_UUID(), NOW(), 'system', NOW(), 'system', 80, 7.1, NULL, '2022/1', 'Aprovado', '3139c3eb-0bca-11f1-a5cb-002308b492c4', 'f874163d-0bcc-11f1-a5cb-002308b492c4'),
(RANDOM_UUID(), NOW(), 'system', NOW(), 'system', 85, 7.5, NULL, '2022/1', 'Aprovado', '3139c9b6-0bca-11f1-a5cb-002308b492c4', 'f874163d-0bcc-11f1-a5cb-002308b492c4'),
(RANDOM_UUID(), NOW(), 'system', NOW(), 'system', 90, 8.0, NULL, '2022/1', 'Aprovado', '3139cada-0bca-11f1-a5cb-002308b492c4', 'f874163d-0bcc-11f1-a5cb-002308b492c4'),
(RANDOM_UUID(), NOW(), 'system', NOW(), 'system', 60, 2.0, 'Abandono', '2022/1', 'Reprovado', '3139d070-0bca-11f1-a5cb-002308b492c4', 'f874163d-0bcc-11f1-a5cb-002308b492c4'),
(RANDOM_UUID(), NOW(), 'system', NOW(), 'system', 95, 9.2, NULL, '2022/2', 'Aprovado', '3139cc55-0bca-11f1-a5cb-002308b492c4', 'f874163d-0bcc-11f1-a5cb-002308b492c4'),
(RANDOM_UUID(), NOW(), 'system', NOW(), 'system', 100, 8.5, NULL, '2022/2', 'Aprovado', '3139cce9-0bca-11f1-a5cb-002308b492c4', 'f874163d-0bcc-11f1-a5cb-002308b492c4'),
(RANDOM_UUID(), NOW(), 'system', NOW(), 'system', 88, 7.9, NULL, '2023/1', 'Aprovado', '3139ce08-0bca-11f1-a5cb-002308b492c4', 'f874163d-0bcc-11f1-a5cb-002308b492c4'),
(RANDOM_UUID(), NOW(), 'system', NOW(), 'system', 92, 8.4, NULL, '2023/1', 'Aprovado', '3139cea4-0bca-11f1-a5cb-002308b492c4', 'f874163d-0bcc-11f1-a5cb-002308b492c4'),
(RANDOM_UUID(), NOW(), 'system', NOW(), 'system', 85, 7.6, NULL, '2023/2', 'Aprovado', '3139cf46-0bca-11f1-a5cb-002308b492c4', 'f874163d-0bcc-11f1-a5cb-002308b492c4'),
(RANDOM_UUID(), NOW(), 'system', NOW(), 'system', 100, 9.0, NULL, '2023/2', 'Aprovado', '3139cfdd-0bca-11f1-a5cb-002308b492c4', 'f874163d-0bcc-11f1-a5cb-002308b492c4'),
(RANDOM_UUID(), NOW(), 'system', NOW(), 'system', 100, 8.5, NULL, '2020/1', 'Aprovado', '3139c3eb-0bca-11f1-a5cb-002308b492c4', 'f8741795-0bcc-11f1-a5cb-002308b492c4'),
(RANDOM_UUID(), NOW(), 'system', NOW(), 'system', 95, 7.8, NULL, '2020/1', 'Aprovado', '3139d070-0bca-11f1-a5cb-002308b492c4', 'f8741795-0bcc-11f1-a5cb-002308b492c4'),
(RANDOM_UUID(), NOW(), 'system', NOW(), 'system', 90, 8.2, NULL, '2020/2', 'Aprovado', '3139d10e-0bca-11f1-a5cb-002308b492c4', 'f8741795-0bcc-11f1-a5cb-002308b492c4'),
(RANDOM_UUID(), NOW(), 'system', NOW(), 'system', 100, 9.0, NULL, '2020/2', 'Aprovado', '3139d4d3-0bca-11f1-a5cb-002308b492c4', 'f8741795-0bcc-11f1-a5cb-002308b492c4'),
(RANDOM_UUID(), NOW(), 'system', NOW(), 'system', 85, 7.5, NULL, '2021/1', 'Aprovado', '3139d752-0bca-11f1-a5cb-002308b492c4', 'f8741795-0bcc-11f1-a5cb-002308b492c4'),
(RANDOM_UUID(), NOW(), 'system', NOW(), 'system', 90, 8.0, NULL, '2021/1', 'Aprovado', '3139d87b-0bca-11f1-a5cb-002308b492c4', 'f8741795-0bcc-11f1-a5cb-002308b492c4'), 
(RANDOM_UUID(), NOW(), 'system', NOW(), 'system', 92, 8.8, NULL, '2021/2', 'Aprovado', '3139db8b-0bca-11f1-a5cb-002308b492c4', 'f8741795-0bcc-11f1-a5cb-002308b492c4'), 
(RANDOM_UUID(), NOW(), 'system', NOW(), 'system', 88, 7.9, NULL, '2022/1', 'Aprovado', '3139dd64-0bca-11f1-a5cb-002308b492c4', 'f8741795-0bcc-11f1-a5cb-002308b492c4'), 
(RANDOM_UUID(), NOW(), 'system', NOW(), 'system', 95, 9.5, NULL, '2022/2', 'Aprovado', '3139e199-0bca-11f1-a5cb-002308b492c4', 'f8741795-0bcc-11f1-a5cb-002308b492c4'), 
(RANDOM_UUID(), NOW(), 'system', NOW(), 'system', 100, 10.0, NULL, '2023/1', 'Aprovado', '3139e25b-0bca-11f1-a5cb-002308b492c4', 'f8741795-0bcc-11f1-a5cb-002308b492c4'), 
(RANDOM_UUID(), NOW(), 'system', NOW(), 'system', 90, 7.5, NULL, '2020/1', 'Aprovado', '3139c3eb-0bca-11f1-a5cb-002308b492c4', 'f874184f-0bcc-11f1-a5cb-002308b492c4'),
(RANDOM_UUID(), NOW(), 'system', NOW(), 'system', 85, 6.0, 'Reprovado', '2020/1', 'Reprovado', '3139d070-0bca-11f1-a5cb-002308b492c4', 'f874184f-0bcc-11f1-a5cb-002308b492c4'),
(RANDOM_UUID(), NOW(), 'system', NOW(), 'system', 100, 8.5, NULL, '2020/2', 'Aprovado', '3139d070-0bca-11f1-a5cb-002308b492c4', 'f874184f-0bcc-11f1-a5cb-002308b492c4'), 
(RANDOM_UUID(), NOW(), 'system', NOW(), 'system', 95, 9.0, NULL, '2021/1', 'Aprovado', '3139d10e-0bca-11f1-a5cb-002308b492c4', 'f874184f-0bcc-11f1-a5cb-002308b492c4'),
(RANDOM_UUID(), NOW(), 'system', NOW(), 'system', 90, 8.2, NULL, '2021/2', 'Aprovado', '3139d4d3-0bca-11f1-a5cb-002308b492c4', 'f874184f-0bcc-11f1-a5cb-002308b492c4'),
(RANDOM_UUID(), NOW(), 'system', NOW(), 'system', 88, 7.8, NULL, '2022/1', 'Aprovado', '3139d752-0bca-11f1-a5cb-002308b492c4', 'f874184f-0bcc-11f1-a5cb-002308b492c4'),
(RANDOM_UUID(), NOW(), 'system', NOW(), 'system', 92, 8.5, NULL, '2022/1', 'Aprovado', '3139d87b-0bca-11f1-a5cb-002308b492c4', 'f874184f-0bcc-11f1-a5cb-002308b492c4'),
(RANDOM_UUID(), NOW(), 'system', NOW(), 'system', 100, 9.2, NULL, '2022/2', 'Aprovado', '3139db8b-0bca-11f1-a5cb-002308b492c4', 'f874184f-0bcc-11f1-a5cb-002308b492c4'),
(RANDOM_UUID(), NOW(), 'system', NOW(), 'system', 85, 7.5, NULL, '2023/1', 'Aprovado', '3139dd64-0bca-11f1-a5cb-002308b492c4', 'f874184f-0bcc-11f1-a5cb-002308b492c4'),
(RANDOM_UUID(), NOW(), 'system', NOW(), 'system', 90, 8.0, NULL, '2023/1', 'Aprovado', '3139e199-0bca-11f1-a5cb-002308b492c4', 'f874184f-0bcc-11f1-a5cb-002308b492c4'),
(RANDOM_UUID(), NOW(), 'system', NOW(), 'system', 100, 9.0, NULL, '2021/1', 'Aprovado', '3139c3eb-0bca-11f1-a5cb-002308b492c4', 'f874190b-0bcc-11f1-a5cb-002308b492c4'),
(RANDOM_UUID(), NOW(), 'system', NOW(), 'system', 95, 8.5, NULL, '2021/1', 'Aprovado', '3139c9b6-0bca-11f1-a5cb-002308b492c4', 'f874190b-0bcc-11f1-a5cb-002308b492c4'),
(RANDOM_UUID(), NOW(), 'system', NOW(), 'system', 90, 7.8, NULL, '2021/1', 'Aprovado', '3139cada-0bca-11f1-a5cb-002308b492c4', 'f874190b-0bcc-11f1-a5cb-002308b492c4'),
(RANDOM_UUID(), NOW(), 'system', NOW(), 'system', 100, 6.5, 'Recuperação', '2021/1', 'Reprovado', '3139d070-0bca-11f1-a5cb-002308b492c4', 'f874190b-0bcc-11f1-a5cb-002308b492c4'),
(RANDOM_UUID(), NOW(), 'system', NOW(), 'system', 85, 7.0, NULL, '2021/2', 'Aprovado', '3139d070-0bca-11f1-a5cb-002308b492c4', 'f874190b-0bcc-11f1-a5cb-002308b492c4'),
(RANDOM_UUID(), NOW(), 'system', NOW(), 'system', 92, 8.8, NULL, '2021/2', 'Aprovado', '3139d10e-0bca-11f1-a5cb-002308b492c4', 'f874190b-0bcc-11f1-a5cb-002308b492c4'),
(RANDOM_UUID(), NOW(), 'system', NOW(), 'system', 100, 9.5, NULL, '2022/1', 'Aprovado', '3139d437-0bca-11f1-a5cb-002308b492c4', 'f874190b-0bcc-11f1-a5cb-002308b492c4'),
(RANDOM_UUID(), NOW(), 'system', NOW(), 'system', 88, 8.2, NULL, '2022/1', 'Aprovado', '3139d4d3-0bca-11f1-a5cb-002308b492c4', 'f874190b-0bcc-11f1-a5cb-002308b492c4'),
(RANDOM_UUID(), NOW(), 'system', NOW(), 'system', 95, 9.0, NULL, '2022/2', 'Aprovado', '3139d752-0bca-11f1-a5cb-002308b492c4', 'f874190b-0bcc-11f1-a5cb-002308b492c4'),
(RANDOM_UUID(), NOW(), 'system', NOW(), 'system', 100, 8.5, NULL, '2023/1', 'Aprovado', '3139db8b-0bca-11f1-a5cb-002308b492c4', 'f874190b-0bcc-11f1-a5cb-002308b492c4'),
(RANDOM_UUID(), NOW(), 'system', NOW(), 'system', 80, 7.5, NULL, '2021/1', 'Aprovado', '3139c3eb-0bca-11f1-a5cb-002308b492c4', 'f87419de-0bcc-11f1-a5cb-002308b492c4'),
(RANDOM_UUID(), NOW(), 'system', NOW(), 'system', 85, 8.0, NULL, '2021/1', 'Aprovado', '3139c9b6-0bca-11f1-a5cb-002308b492c4', 'f87419de-0bcc-11f1-a5cb-002308b492c4'),
(RANDOM_UUID(), NOW(), 'system', NOW(), 'system', 100, 9.2, NULL, '2021/1', 'Aprovado', '3139cada-0bca-11f1-a5cb-002308b492c4', 'f87419de-0bcc-11f1-a5cb-002308b492c4'),
(RANDOM_UUID(), NOW(), 'system', NOW(), 'system', 90, 7.8, NULL, '2021/2', 'Aprovado', '3139d070-0bca-11f1-a5cb-002308b492c4', 'f87419de-0bcc-11f1-a5cb-002308b492c4'),
(RANDOM_UUID(), NOW(), 'system', NOW(), 'system', 95, 8.5, NULL, '2021/2', 'Aprovado', '3139d10e-0bca-11f1-a5cb-002308b492c4', 'f87419de-0bcc-11f1-a5cb-002308b492c4'),
(RANDOM_UUID(), NOW(), 'system', NOW(), 'system', 88, 7.2, NULL, '2022/1', 'Aprovado', '3139d39a-0bca-11f1-a5cb-002308b492c4', 'f87419de-0bcc-11f1-a5cb-002308b492c4'),
(RANDOM_UUID(), NOW(), 'system', NOW(), 'system', 100, 9.8, NULL, '2022/1', 'Aprovado', '3139d437-0bca-11f1-a5cb-002308b492c4', 'f87419de-0bcc-11f1-a5cb-002308b492c4'),
(RANDOM_UUID(), NOW(), 'system', NOW(), 'system', 92, 8.9, NULL, '2022/2', 'Aprovado', '3139d4d3-0bca-11f1-a5cb-002308b492c4', 'f87419de-0bcc-11f1-a5cb-002308b492c4'),
(RANDOM_UUID(), NOW(), 'system', NOW(), 'system', 85, 7.6, NULL, '2022/2', 'Aprovado', '3139d752-0bca-11f1-a5cb-002308b492c4', 'f87419de-0bcc-11f1-a5cb-002308b492c4'),
(RANDOM_UUID(), NOW(), 'system', NOW(), 'system', 98, 9.1, NULL, '2023/1', 'Aprovado', '3139d87b-0bca-11f1-a5cb-002308b492c4', 'f87419de-0bcc-11f1-a5cb-002308b492c4'),
(RANDOM_UUID(), NOW(), 'system', NOW(), 'system', 74, 0.0, 'Reprovado por falta', '2022/1', 'Reprovado', '3139c3eb-0bca-11f1-a5cb-002308b492c4', 'f8741a95-0bcc-11f1-a5cb-002308b492c4'),
(RANDOM_UUID(), NOW(), 'system', NOW(), 'system', 74, 0.0, 'Reprovado por falta', '2022/1', 'Reprovado', '3139c9b6-0bca-11f1-a5cb-002308b492c4', 'f8741a95-0bcc-11f1-a5cb-002308b492c4'),
(RANDOM_UUID(), NOW(), 'system', NOW(), 'system', 74, 0.0, 'Reprovado por falta', '2022/1', 'Reprovado', '3139cada-0bca-11f1-a5cb-002308b492c4', 'f8741a95-0bcc-11f1-a5cb-002308b492c4'),
(RANDOM_UUID(), NOW(), 'system', NOW(), 'system', 74, 0.0, 'Reprovado por falta', '2022/1', 'Reprovado', '3139cbb6-0bca-11f1-a5cb-002308b492c4', 'f8741a95-0bcc-11f1-a5cb-002308b492c4'),
(RANDOM_UUID(), NOW(), 'system', NOW(), 'system', 74, 0.0, 'Reprovado por falta', '2022/2', 'Reprovado', '3139cc55-0bca-11f1-a5cb-002308b492c4', 'f8741a95-0bcc-11f1-a5cb-002308b492c4'),
(RANDOM_UUID(), NOW(), 'system', NOW(), 'system', 75, 5.0, 'Exame Final', '2022/2', 'Reprovado', '3139cce9-0bca-11f1-a5cb-002308b492c4', 'f8741a95-0bcc-11f1-a5cb-002308b492c4'),
(RANDOM_UUID(), NOW(), 'system', NOW(), 'system', 75, 5.0, 'Exame Final', '2023/1', 'Reprovado', '3139ce08-0bca-11f1-a5cb-002308b492c4', 'f8741a95-0bcc-11f1-a5cb-002308b492c4'),
(RANDOM_UUID(), NOW(), 'system', NOW(), 'system', 75, 5.0, 'Exame Final', '2023/1', 'Reprovado', '3139cea4-0bca-11f1-a5cb-002308b492c4', 'f8741a95-0bcc-11f1-a5cb-002308b492c4'),
(RANDOM_UUID(), NOW(), 'system', NOW(), 'system', 75, 5.0, 'Exame Final', '2023/2', 'Reprovado', '3139cf46-0bca-11f1-a5cb-002308b492c4', 'f8741a95-0bcc-11f1-a5cb-002308b492c4'),
(RANDOM_UUID(), NOW(), 'system', NOW(), 'system', 75, 5.0, 'Exame Final', '2023/2', 'Reprovado', '3139cfdd-0bca-11f1-a5cb-002308b492c4', 'f8741a95-0bcc-11f1-a5cb-002308b492c4'),
(RANDOM_UUID(), NOW(), 'system', NOW(), 'system', 90, 8.5, NULL, '2021/1', 'Aprovado', '3139c3eb-0bca-11f1-a5cb-002308b492c4', 'f8741b4a-0bcc-11f1-a5cb-002308b492c4'),
(RANDOM_UUID(), NOW(), 'system', NOW(), 'system', 95, 9.0, NULL, '2021/1', 'Aprovado', '3139d070-0bca-11f1-a5cb-002308b492c4', 'f8741b4a-0bcc-11f1-a5cb-002308b492c4'),
(RANDOM_UUID(), NOW(), 'system', NOW(), 'system', 85, 7.8, NULL, '2021/2', 'Aprovado', '3139d10e-0bca-11f1-a5cb-002308b492c4', 'f8741b4a-0bcc-11f1-a5cb-002308b492c4'),
(RANDOM_UUID(), NOW(), 'system', NOW(), 'system', 80, 7.5, NULL, '2021/2', 'Aprovado', '3139d39a-0bca-11f1-a5cb-002308b492c4', 'f8741b4a-0bcc-11f1-a5cb-002308b492c4'),
(RANDOM_UUID(), NOW(), 'system', NOW(), 'system', 100, 9.5, NULL, '2022/1', 'Aprovado', '3139d437-0bca-11f1-a5cb-002308b492c4', 'f8741b4a-0bcc-11f1-a5cb-002308b492c4'),
(RANDOM_UUID(), NOW(), 'system', NOW(), 'system', 92, 8.2, NULL, '2022/1', 'Aprovado', '3139d4d3-0bca-11f1-a5cb-002308b492c4', 'f8741b4a-0bcc-11f1-a5cb-002308b492c4'),
(RANDOM_UUID(), NOW(), 'system', NOW(), 'system', 88, 7.9, NULL, '2022/2', 'Aprovado', '3139d566-0bca-11f1-a5cb-002308b492c4', 'f8741b4a-0bcc-11f1-a5cb-002308b492c4'),
(RANDOM_UUID(), NOW(), 'system', NOW(), 'system', 95, 8.8, NULL, '2022/2', 'Aprovado', '3139d752-0bca-11f1-a5cb-002308b492c4', 'f8741b4a-0bcc-11f1-a5cb-002308b492c4'),
(RANDOM_UUID(), NOW(), 'system', NOW(), 'system', 90, 8.4, NULL, '2023/1', 'Aprovado', '3139d87b-0bca-11f1-a5cb-002308b492c4', 'f8741b4a-0bcc-11f1-a5cb-002308b492c4'),
(RANDOM_UUID(), NOW(), 'system', NOW(), 'system', 100, 9.2, NULL, '2023/1', 'Aprovado', '3139db8b-0bca-11f1-a5cb-002308b492c4', 'f8741b4a-0bcc-11f1-a5cb-002308b492c4'),
(RANDOM_UUID(), NOW(), 'system', NOW(), 'system', 95, 8.2, NULL, '2020/1', 'Aprovado', '3139c3eb-0bca-11f1-a5cb-002308b492c4', 'f8741c13-0bcc-11f1-a5cb-002308b492c4'),
(RANDOM_UUID(), NOW(), 'system', NOW(), 'system', 90, 7.8, NULL, '2020/1', 'Aprovado', '3139d070-0bca-11f1-a5cb-002308b492c4', 'f8741c13-0bcc-11f1-a5cb-002308b492c4'),
(RANDOM_UUID(), NOW(), 'system', NOW(), 'system', 88, 7.5, NULL, '2020/2', 'Aprovado', '3139d10e-0bca-11f1-a5cb-002308b492c4', 'f8741c13-0bcc-11f1-a5cb-002308b492c4'),
(RANDOM_UUID(), NOW(), 'system', NOW(), 'system', 85, 8.0, NULL, '2020/2', 'Aprovado', '3139d39a-0bca-11f1-a5cb-002308b492c4', 'f8741c13-0bcc-11f1-a5cb-002308b492c4'),
(RANDOM_UUID(), NOW(), 'system', NOW(), 'system', 92, 8.5, NULL, '2021/1', 'Aprovado', '3139d437-0bca-11f1-a5cb-002308b492c4', 'f8741c13-0bcc-11f1-a5cb-002308b492c4'),
(RANDOM_UUID(), NOW(), 'system', NOW(), 'system', 100, 9.0, NULL, '2021/1', 'Aprovado', '3139d4d3-0bca-11f1-a5cb-002308b492c4', 'f8741c13-0bcc-11f1-a5cb-002308b492c4'),
(RANDOM_UUID(), NOW(), 'system', NOW(), 'system', 80, 7.2, NULL, '2021/2', 'Aprovado', '3139d752-0bca-11f1-a5cb-002308b492c4', 'f8741c13-0bcc-11f1-a5cb-002308b492c4'),
(RANDOM_UUID(), NOW(), 'system', NOW(), 'system', 95, 8.8, NULL, '2021/2', 'Aprovado', '3139d87b-0bca-11f1-a5cb-002308b492c4', 'f8741c13-0bcc-11f1-a5cb-002308b492c4'),
(RANDOM_UUID(), NOW(), 'system', NOW(), 'system', 100, 9.5, NULL, '2022/1', 'Aprovado', '3139db8b-0bca-11f1-a5cb-002308b492c4', 'f8741c13-0bcc-11f1-a5cb-002308b492c4'),
(RANDOM_UUID(), NOW(), 'system', NOW(), 'system', 90, 8.2, NULL, '2022/2', 'Aprovado', '3139dd64-0bca-11f1-a5cb-002308b492c4', 'f8741c13-0bcc-11f1-a5cb-002308b492c4'),
(RANDOM_UUID(), NOW(), 'system', NOW(), 'system', 90, 8.0, NULL, '2022/1', 'Aprovado', '3139c3eb-0bca-11f1-a5cb-002308b492c4', 'f8741ccd-0bcc-11f1-a5cb-002308b492c4'),
(RANDOM_UUID(), NOW(), 'system', NOW(), 'system', 95, 8.5, NULL, '2022/1', 'Aprovado', '3139c9b6-0bca-11f1-a5cb-002308b492c4', 'f8741ccd-0bcc-11f1-a5cb-002308b492c4'),
(RANDOM_UUID(), NOW(), 'system', NOW(), 'system', 88, 7.8, NULL, '2022/1', 'Aprovado', '3139cada-0bca-11f1-a5cb-002308b492c4', 'f8741ccd-0bcc-11f1-a5cb-002308b492c4'),
(RANDOM_UUID(), NOW(), 'system', NOW(), 'system', 65, 4.0, 'Reprovado', '2022/1', 'Reprovado', '3139cbb6-0bca-11f1-a5cb-002308b492c4', 'f8741ccd-0bcc-11f1-a5cb-002308b492c4'),
(RANDOM_UUID(), NOW(), 'system', NOW(), 'system', 92, 8.2, NULL, '2022/2', 'Aprovado', '3139cc55-0bca-11f1-a5cb-002308b492c4', 'f8741ccd-0bcc-11f1-a5cb-002308b492c4'),
(RANDOM_UUID(), NOW(), 'system', NOW(), 'system', 100, 9.0, NULL, '2022/2', 'Aprovado', '3139cce9-0bca-11f1-a5cb-002308b492c4', 'f8741ccd-0bcc-11f1-a5cb-002308b492c4'),
(RANDOM_UUID(), NOW(), 'system', NOW(), 'system', 85, 7.5, NULL, '2023/1', 'Aprovado', '3139ce08-0bca-11f1-a5cb-002308b492c4', 'f8741ccd-0bcc-11f1-a5cb-002308b492c4'),
(RANDOM_UUID(), NOW(), 'system', NOW(), 'system', 90, 8.8, NULL, '2023/1', 'Aprovado', '3139cea4-0bca-11f1-a5cb-002308b492c4', 'f8741ccd-0bcc-11f1-a5cb-002308b492c4'),
(RANDOM_UUID(), NOW(), 'system', NOW(), 'system', 95, 9.5, NULL, '2023/2', 'Aprovado', '3139cf46-0bca-11f1-a5cb-002308b492c4', 'f8741ccd-0bcc-11f1-a5cb-002308b492c4'),
(RANDOM_UUID(), NOW(), 'system', NOW(), 'system', 100, 9.8, NULL, '2023/2', 'Aprovado', '3139cfdd-0bca-11f1-a5cb-002308b492c4', 'f8741ccd-0bcc-11f1-a5cb-002308b492c4'),
(RANDOM_UUID(), NOW(), 'system', NOW(), 'system', 100, 9.5, NULL, '2022/1', 'Aprovado', '3139c3eb-0bca-11f1-a5cb-002308b492c4', 'f8741d7d-0bcc-11f1-a5cb-002308b492c4'),
(RANDOM_UUID(), NOW(), 'system', NOW(), 'system', 98, 9.0, NULL, '2022/1', 'Aprovado', '3139c9b6-0bca-11f1-a5cb-002308b492c4', 'f8741d7d-0bcc-11f1-a5cb-002308b492c4'),
(RANDOM_UUID(), NOW(), 'system', NOW(), 'system', 95, 8.5, NULL, '2022/1', 'Aprovado', '3139cada-0bca-11f1-a5cb-002308b492c4', 'f8741d7d-0bcc-11f1-a5cb-002308b492c4'),
(RANDOM_UUID(), NOW(), 'system', NOW(), 'system', 90, 8.0, NULL, '2022/1', 'Aprovado', '3139cbb6-0bca-11f1-a5cb-002308b492c4', 'f8741d7d-0bcc-11f1-a5cb-002308b492c4'),
(RANDOM_UUID(), NOW(), 'system', NOW(), 'system', 100, 9.2, NULL, '2022/2', 'Aprovado', '3139cc55-0bca-11f1-a5cb-002308b492c4', 'f8741d7d-0bcc-11f1-a5cb-002308b492c4'),
(RANDOM_UUID(), NOW(), 'system', NOW(), 'system', 92, 8.8, NULL, '2022/2', 'Aprovado', '3139cce9-0bca-11f1-a5cb-002308b492c4', 'f8741d7d-0bcc-11f1-a5cb-002308b492c4'),
(RANDOM_UUID(), NOW(), 'system', NOW(), 'system', 88, 7.9, NULL, '2023/1', 'Aprovado', '3139ce08-0bca-11f1-a5cb-002308b492c4', 'f8741d7d-0bcc-11f1-a5cb-002308b492c4'),
(RANDOM_UUID(), NOW(), 'system', NOW(), 'system', 95, 9.1, NULL, '2023/1', 'Aprovado', '3139cea4-0bca-11f1-a5cb-002308b492c4', 'f8741d7d-0bcc-11f1-a5cb-002308b492c4'),
(RANDOM_UUID(), NOW(), 'system', NOW(), 'system', 90, 8.5, NULL, '2023/2', 'Aprovado', '3139cf46-0bca-11f1-a5cb-002308b492c4', 'f8741d7d-0bcc-11f1-a5cb-002308b492c4'),
(RANDOM_UUID(), NOW(), 'system', NOW(), 'system', 100, 9.8, NULL, '2023/2', 'Aprovado', '3139cfdd-0bca-11f1-a5cb-002308b492c4', 'f8741d7d-0bcc-11f1-a5cb-002308b492c4'),
(RANDOM_UUID(), NOW(), 'system', NOW(), 'system', 90, 8.0, NULL, '2021/1', 'Aprovado', '3139c3eb-0bca-11f1-a5cb-002308b492c4', 'f8741e3a-0bcc-11f1-a5cb-002308b492c4'),
(RANDOM_UUID(), NOW(), 'system', NOW(), 'system', 95, 8.5, NULL, '2021/1', 'Aprovado', '3139d070-0bca-11f1-a5cb-002308b492c4', 'f8741e3a-0bcc-11f1-a5cb-002308b492c4'),
(RANDOM_UUID(), NOW(), 'system', NOW(), 'system', 88, 7.5, NULL, '2021/2', 'Aprovado', '3139d10e-0bca-11f1-a5cb-002308b492c4', 'f8741e3a-0bcc-11f1-a5cb-002308b492c4'),
(RANDOM_UUID(), NOW(), 'system', NOW(), 'system', 92, 8.2, NULL, '2021/2', 'Aprovado', '3139d39a-0bca-11f1-a5cb-002308b492c4', 'f8741e3a-0bcc-11f1-a5cb-002308b492c4'),
(RANDOM_UUID(), NOW(), 'system', NOW(), 'system', 100, 9.0, NULL, '2022/1', 'Aprovado', '3139d437-0bca-11f1-a5cb-002308b492c4', 'f8741e3a-0bcc-11f1-a5cb-002308b492c4'),
(RANDOM_UUID(), NOW(), 'system', NOW(), 'system', 85, 7.8, NULL, '2022/1', 'Aprovado', '3139d4d3-0bca-11f1-a5cb-002308b492c4', 'f8741e3a-0bcc-11f1-a5cb-002308b492c4'),
(RANDOM_UUID(), NOW(), 'system', NOW(), 'system', 90, 8.4, NULL, '2022/2', 'Aprovado', '3139d752-0bca-11f1-a5cb-002308b492c4', 'f8741e3a-0bcc-11f1-a5cb-002308b492c4'),
(RANDOM_UUID(), NOW(), 'system', NOW(), 'system', 95, 8.9, NULL, '2022/2', 'Aprovado', '3139d87b-0bca-11f1-a5cb-002308b492c4', 'f8741e3a-0bcc-11f1-a5cb-002308b492c4'),
(RANDOM_UUID(), NOW(), 'system', NOW(), 'system', 100, 9.5, NULL, '2023/1', 'Aprovado', '3139db8b-0bca-11f1-a5cb-002308b492c4', 'f8741e3a-0bcc-11f1-a5cb-002308b492c4'),
(RANDOM_UUID(), NOW(), 'system', NOW(), 'system', 88, 8.0, NULL, '2023/1', 'Aprovado', '3139dd64-0bca-11f1-a5cb-002308b492c4', 'f8741e3a-0bcc-11f1-a5cb-002308b492c4'),
(RANDOM_UUID(), NOW(), 'system', NOW(), 'system', 95, 8.5, NULL, '2019/1', 'Aprovado', '3139c3eb-0bca-11f1-a5cb-002308b492c4', 'f8741f21-0bcc-11f1-a5cb-002308b492c4'),
(RANDOM_UUID(), NOW(), 'system', NOW(), 'system', 100, 9.0, NULL, '2019/1', 'Aprovado', '3139d070-0bca-11f1-a5cb-002308b492c4', 'f8741f21-0bcc-11f1-a5cb-002308b492c4'),
(RANDOM_UUID(), NOW(), 'system', NOW(), 'system', 90, 8.2, NULL, '2019/2', 'Aprovado', '3139d10e-0bca-11f1-a5cb-002308b492c4', 'f8741f21-0bcc-11f1-a5cb-002308b492c4'),
(RANDOM_UUID(), NOW(), 'system', NOW(), 'system', 88, 7.8, NULL, '2019/2', 'Aprovado', '3139d39a-0bca-11f1-a5cb-002308b492c4', 'f8741f21-0bcc-11f1-a5cb-002308b492c4'),
(RANDOM_UUID(), NOW(), 'system', NOW(), 'system', 95, 8.9, NULL, '2020/1', 'Aprovado', '3139d437-0bca-11f1-a5cb-002308b492c4', 'f8741f21-0bcc-11f1-a5cb-002308b492c4'),
(RANDOM_UUID(), NOW(), 'system', NOW(), 'system', 92, 8.5, NULL, '2020/1', 'Aprovado', '3139d4d3-0bca-11f1-a5cb-002308b492c4', 'f8741f21-0bcc-11f1-a5cb-002308b492c4'),
(RANDOM_UUID(), NOW(), 'system', NOW(), 'system', 100, 9.2, NULL, '2020/2', 'Aprovado', '3139d752-0bca-11f1-a5cb-002308b492c4', 'f8741f21-0bcc-11f1-a5cb-002308b492c4'),
(RANDOM_UUID(), NOW(), 'system', NOW(), 'system', 85, 7.9, NULL, '2020/2', 'Aprovado', '3139d87b-0bca-11f1-a5cb-002308b492c4', 'f8741f21-0bcc-11f1-a5cb-002308b492c4'),
(RANDOM_UUID(), NOW(), 'system', NOW(), 'system', 90, 8.4, NULL, '2021/1', 'Aprovado', '3139db8b-0bca-11f1-a5cb-002308b492c4', 'f8741f21-0bcc-11f1-a5cb-002308b492c4'),
(RANDOM_UUID(), NOW(), 'system', NOW(), 'system', 95, 9.0, NULL, '2021/1', 'Aprovado', '3139dd64-0bca-11f1-a5cb-002308b492c4', 'f8741f21-0bcc-11f1-a5cb-002308b492c4'),
(RANDOM_UUID(), NOW(), 'system', NOW(), 'system', 90, 8.0, NULL, '2020/1', 'Aprovado', '3139c3eb-0bca-11f1-a5cb-002308b492c4', 'f8741fee-0bcc-11f1-a5cb-002308b492c4'),
(RANDOM_UUID(), NOW(), 'system', NOW(), 'system', 95, 8.5, NULL, '2020/1', 'Aprovado', '3139d070-0bca-11f1-a5cb-002308b492c4', 'f8741fee-0bcc-11f1-a5cb-002308b492c4'),
(RANDOM_UUID(), NOW(), 'system', NOW(), 'system', 88, 7.8, NULL, '2020/2', 'Aprovado', '3139d10e-0bca-11f1-a5cb-002308b492c4', 'f8741fee-0bcc-11f1-a5cb-002308b492c4'),
(RANDOM_UUID(), NOW(), 'system', NOW(), 'system', 92, 8.2, NULL, '2020/2', 'Aprovado', '3139d39a-0bca-11f1-a5cb-002308b492c4', 'f8741fee-0bcc-11f1-a5cb-002308b492c4'),
(RANDOM_UUID(), NOW(), 'system', NOW(), 'system', 100, 9.0, NULL, '2021/1', 'Aprovado', '3139d437-0bca-11f1-a5cb-002308b492c4', 'f8741fee-0bcc-11f1-a5cb-002308b492c4'),
(RANDOM_UUID(), NOW(), 'system', NOW(), 'system', 85, 7.5, NULL, '2021/1', 'Aprovado', '3139d4d3-0bca-11f1-a5cb-002308b492c4', 'f8741fee-0bcc-11f1-a5cb-002308b492c4'),
(RANDOM_UUID(), NOW(), 'system', NOW(), 'system', 90, 8.4, NULL, '2021/2', 'Aprovado', '3139d752-0bca-11f1-a5cb-002308b492c4', 'f8741fee-0bcc-11f1-a5cb-002308b492c4'),
(RANDOM_UUID(), NOW(), 'system', NOW(), 'system', 95, 8.9, NULL, '2021/2', 'Aprovado', '3139d87b-0bca-11f1-a5cb-002308b492c4', 'f8741fee-0bcc-11f1-a5cb-002308b492c4'),
(RANDOM_UUID(), NOW(), 'system', NOW(), 'system', 100, 9.5, NULL, '2022/1', 'Aprovado', '3139db8b-0bca-11f1-a5cb-002308b492c4', 'f8741fee-0bcc-11f1-a5cb-002308b492c4'),
(RANDOM_UUID(), NOW(), 'system', NOW(), 'system', 88, 8.0, NULL, '2022/1', 'Aprovado', '3139dd64-0bca-11f1-a5cb-002308b492c4', 'f8741fee-0bcc-11f1-a5cb-002308b492c4'),
(RANDOM_UUID(), NOW(), 'system', NOW(), 'system', 92, 8.2, NULL, '2021/1', 'Aprovado', '3139c3eb-0bca-11f1-a5cb-002308b492c4', 'f87420a3-0bcc-11f1-a5cb-002308b492c4'),
(RANDOM_UUID(), NOW(), 'system', NOW(), 'system', 95, 8.8, NULL, '2021/1', 'Aprovado', '3139d070-0bca-11f1-a5cb-002308b492c4', 'f87420a3-0bcc-11f1-a5cb-002308b492c4'),
(RANDOM_UUID(), NOW(), 'system', NOW(), 'system', 85, 7.5, NULL, '2021/2', 'Aprovado', '3139d10e-0bca-11f1-a5cb-002308b492c4', 'f87420a3-0bcc-11f1-a5cb-002308b492c4'),
(RANDOM_UUID(), NOW(), 'system', NOW(), 'system', 90, 8.0, NULL, '2021/2', 'Aprovado', '3139d39a-0bca-11f1-a5cb-002308b492c4', 'f87420a3-0bcc-11f1-a5cb-002308b492c4'),
(RANDOM_UUID(), NOW(), 'system', NOW(), 'system', 100, 9.2, NULL, '2022/1', 'Aprovado', '3139d437-0bca-11f1-a5cb-002308b492c4', 'f87420a3-0bcc-11f1-a5cb-002308b492c4'),
(RANDOM_UUID(), NOW(), 'system', NOW(), 'system', 95, 8.5, NULL, '2022/1', 'Aprovado', '3139d4d3-0bca-11f1-a5cb-002308b492c4', 'f87420a3-0bcc-11f1-a5cb-002308b492c4'),
(RANDOM_UUID(), NOW(), 'system', NOW(), 'system', 88, 7.9, NULL, '2022/2', 'Aprovado', '3139d566-0bca-11f1-a5cb-002308b492c4', 'f87420a3-0bcc-11f1-a5cb-002308b492c4'),
(RANDOM_UUID(), NOW(), 'system', NOW(), 'system', 92, 8.4, NULL, '2022/2', 'Aprovado', '3139d752-0bca-11f1-a5cb-002308b492c4', 'f87420a3-0bcc-11f1-a5cb-002308b492c4'),
(RANDOM_UUID(), NOW(), 'system', NOW(), 'system', 98, 9.0, NULL, '2023/1', 'Aprovado', '3139d87b-0bca-11f1-a5cb-002308b492c4', 'f87420a3-0bcc-11f1-a5cb-002308b492c4'),
(RANDOM_UUID(), NOW(), 'system', NOW(), 'system', 100, 9.5, NULL, '2023/1', 'Aprovado', '3139db8b-0bca-11f1-a5cb-002308b492c4', 'f87420a3-0bcc-11f1-a5cb-002308b492c4'),
(RANDOM_UUID(), NOW(), 'system', NOW(), 'system', 100, 9.0, NULL, '2023/1', 'Aprovado', '3139c3eb-0bca-11f1-a5cb-002308b492c4', 'f8742156-0bcc-11f1-a5cb-002308b492c4'),
(RANDOM_UUID(), NOW(), 'system', NOW(), 'system', 95, 8.5, NULL, '2023/1', 'Aprovado', '3139c9b6-0bca-11f1-a5cb-002308b492c4', 'f8742156-0bcc-11f1-a5cb-002308b492c4'),
(RANDOM_UUID(), NOW(), 'system', NOW(), 'system', 90, 8.0, NULL, '2023/1', 'Aprovado', '3139cada-0bca-11f1-a5cb-002308b492c4', 'f8742156-0bcc-11f1-a5cb-002308b492c4'),
(RANDOM_UUID(), NOW(), 'system', NOW(), 'system', 85, 7.5, NULL, '2023/1', 'Aprovado', '3139cbb6-0bca-11f1-a5cb-002308b492c4', 'f8742156-0bcc-11f1-a5cb-002308b492c4'),
(RANDOM_UUID(), NOW(), 'system', NOW(), 'system', 100, 9.2, NULL, '2023/1', 'Aprovado', '3139cc55-0bca-11f1-a5cb-002308b492c4', 'f8742156-0bcc-11f1-a5cb-002308b492c4'),
(RANDOM_UUID(), NOW(), 'system', NOW(), 'system', 88, 7.8, NULL, '2023/1', 'Aprovado', '3139cce9-0bca-11f1-a5cb-002308b492c4', 'f8742156-0bcc-11f1-a5cb-002308b492c4'),
(RANDOM_UUID(), NOW(), 'system', NOW(), 'system', 92, 8.4, NULL, '2023/2', 'Aprovado', '3139ce08-0bca-11f1-a5cb-002308b492c4', 'f8742156-0bcc-11f1-a5cb-002308b492c4'),
(RANDOM_UUID(), NOW(), 'system', NOW(), 'system', 95, 8.9, NULL, '2023/2', 'Aprovado', '3139cea4-0bca-11f1-a5cb-002308b492c4', 'f8742156-0bcc-11f1-a5cb-002308b492c4'),
(RANDOM_UUID(), NOW(), 'system', NOW(), 'system', 90, 8.2, NULL, '2023/2', 'Aprovado', '3139cf46-0bca-11f1-a5cb-002308b492c4', 'f8742156-0bcc-11f1-a5cb-002308b492c4'),
(RANDOM_UUID(), NOW(), 'system', NOW(), 'system', 100, 9.5, NULL, '2023/2', 'Aprovado', '3139cfdd-0bca-11f1-a5cb-002308b492c4', 'f8742156-0bcc-11f1-a5cb-002308b492c4'),
(RANDOM_UUID(), NOW(), 'system', NOW(), 'system', 95, 8.5, NULL, '2019/1', 'Aprovado', '3139c3eb-0bca-11f1-a5cb-002308b492c4', 'f8742211-0bcc-11f1-a5cb-002308b492c4'),
(RANDOM_UUID(), NOW(), 'system', NOW(), 'system', 100, 9.0, NULL, '2019/1', 'Aprovado', '3139d070-0bca-11f1-a5cb-002308b492c4', 'f8742211-0bcc-11f1-a5cb-002308b492c4'),
(RANDOM_UUID(), NOW(), 'system', NOW(), 'system', 90, 8.2, NULL, '2019/2', 'Aprovado', '3139d10e-0bca-11f1-a5cb-002308b492c4', 'f8742211-0bcc-11f1-a5cb-002308b492c4'),
(RANDOM_UUID(), NOW(), 'system', NOW(), 'system', 88, 7.8, NULL, '2019/2', 'Aprovado', '3139d39a-0bca-11f1-a5cb-002308b492c4', 'f8742211-0bcc-11f1-a5cb-002308b492c4'),
(RANDOM_UUID(), NOW(), 'system', NOW(), 'system', 95, 8.9, NULL, '2020/1', 'Aprovado', '3139d437-0bca-11f1-a5cb-002308b492c4', 'f8742211-0bcc-11f1-a5cb-002308b492c4'),
(RANDOM_UUID(), NOW(), 'system', NOW(), 'system', 92, 8.5, NULL, '2020/1', 'Aprovado', '3139d4d3-0bca-11f1-a5cb-002308b492c4', 'f8742211-0bcc-11f1-a5cb-002308b492c4'),
(RANDOM_UUID(), NOW(), 'system', NOW(), 'system', 100, 9.2, NULL, '2020/2', 'Aprovado', '3139d752-0bca-11f1-a5cb-002308b492c4', 'f8742211-0bcc-11f1-a5cb-002308b492c4'),
(RANDOM_UUID(), NOW(), 'system', NOW(), 'system', 85, 7.9, NULL, '2020/2', 'Aprovado', '3139d87b-0bca-11f1-a5cb-002308b492c4', 'f8742211-0bcc-11f1-a5cb-002308b492c4'),
(RANDOM_UUID(), NOW(), 'system', NOW(), 'system', 90, 8.4, NULL, '2021/1', 'Aprovado', '3139db8b-0bca-11f1-a5cb-002308b492c4', 'f8742211-0bcc-11f1-a5cb-002308b492c4'),
(RANDOM_UUID(), NOW(), 'system', NOW(), 'system', 95, 9.0, NULL, '2021/1', 'Aprovado', '3139dd64-0bca-11f1-a5cb-002308b492c4', 'f8742211-0bcc-11f1-a5cb-002308b492c4');